X,Y,Z
-3838240.96648776,2611657.06147435,4358868.72987096
-3838892.87466677,2610864.38216814,4358770.16981039
-3840875.28274186,2608958.57535345,4358168.91086299
-3841724.75502311,2608387.4552608,4357764.74492315
-3842009.86846575,2609210.92293482,4357025.33165058
-3841866.60057762,2609919.03332348,4356729.53536087
-3840856.00570325,2611433.63669748,4356713.10176059
-3840664.33198754,2612300.54404176,4356364.69571681
-3841078.62803519,2614306.29925612,4354806.42928408
-3840746.23001255,2615373.39682398,4354461.17750165
-3839394.37002183,2618222.05779819,4353944.8988907
-3839225.69639298,2619041.84349828,4353602.8758582
-3839290.19757509,2620548.43374416,4352645.74392901
-3838933.60778035,2621384.23098864,4352458.24285927
-3837327.65421084,2623157.64316717,4352803.63407211
-3836806.7279527,2624249.10936736,4352606.2706291
-3836848.08272921,2625045.37942023,4352093.0889394
-3837139.93140181,2625821.17911318,4351372.57130463
-3837370.46572176,2626867.34409589,4350543.35321871
-3837356.55656237,2629476.12506496,4348989.84265209
-3837515.15799176,2630329.79365976,4348338.01378043
-3837919.61292663,2631207.97730829,4347455.60437652
-3839063.45329686,2632857.96801282,4345459.72931293
-3839535.44783333,2633734.97532525,4344517.50419465
-3839741.0963655,2634485.60172191,4343884.86168184
-3840121.77011152,2637555.42173204,4341699.65184388
-3841128.57195133,2636914.25102229,4341201.83094316
-3840739.57035254,2637803.12499071,4341007.30470027
-3839722.16926029,2639087.3358341,4341125.99960598
-3838514.85592294,2640280.98256146,4341465.5832483
-3836583.0713373,2641505.76033287,4342421.56893049
-3835913.39826916,2642723.52589779,4342273.23828941
-3834910.74690356,2645126.34391556,4341699.65184388
-3830310.06400984,2651985.09287898,4341577.67381545
-3829810.20200284,2653836.51308679,4340891.90416665
-3829762.77904821,2655978.14693017,4339632.21703621
-3829025.47652083,2658157.83427176,4338952.77781032
-3825997.04295895,2663688.97648516,4338236.95810792
-3825526.61160541,2664910.67229642,4337903.75375606
-3825429.17516514,2666126.15241188,4337247.1772993
-3826010.66232346,2667145.08268558,4336115.28848153
-3827284.62437289,2667693.91827358,4334662.92908898
-3828118.85470559,2667015.27825426,4334345.99484003
-3828878.76724731,2665880.9699011,4334372.40672345
-3829948.96613749,2665035.24677443,4333949.79887415
-3830076.08858092,2666036.17964238,4333226.66077884
-3829878.76130953,2666876.07582466,4332886.51883506
-3828268.48849012,2669543.26549066,4332668.55166086
-3828387.68681215,2669933.50456953,4332325.06906838
-3828721.90452211,2670312.08771548,4331799.89167834
-3828904.38129229,2671150.78830281,4331125.99897207
-3828464.01993626,2673188.68581036,4330263.68116763
-3827380.23905604,2674858.65059639,4330190.98865111
-3824414.50787914,2677575.20283811,4331125.99897207
-3826816.99445495,2677354.25035713,4329153.35351188
-3827746.42531467,2677478.17573912,4328260.94868488
-3828378.59407033,2678301.00722061,4327199.77297143
-3828362.81915593,2679221.45717924,4326647.60893957
-3827907.58766982,2680312.48648815,4326376.46432108
-3825287.87176955,2685090.75501176,4325734.91797277
-3823617.40201372,2687308.22387769,4325834.13148938
-3821609.37515292,2688979.62245291,4326564.94441931
-3819195.56066583,2689950.35602739,4328082.44873607
-3818517.92760928,2689627.25488451,4328875.73335543
-3817868.55967836,2688910.25295696,4329886.99026648
-3817065.23821594,2688636.47817625,4330759.28411475
-3815910.60297184,2689680.56933478,4331125.99897207
-3815326.47575433,2690412.72010797,4331185.46373403
-3814960.30861178,2690787.37588708,4331274.65956009
-3814708.21006611,2691112.64579999,4331294.48058604
-3814469.80483186,2691723.50046508,4331125.99897207
-3814430.85940462,2692394.02766565,4330746.06870151
-3814737.41917546,2693682.09500214,4329682.11150444
-3814582.28586727,2694254.65205421,4329464.00555492
-3814505.26609633,2695069.26799777,4329027.7653405
-3814807.33193889,2696298.20864222,4328003.11345217
-3815332.9303464,2697498.66914334,4326799.70807852
-3815902.98356643,2698251.27575465,4325834.13148938
-3817059.51346665,2698483.57869313,4324676.51915606
-3818384.03088718,2698029.27531644,4323796.55640572
-3819719.869687,2697387.33446805,4323022.32729794
-3820920.90058932,2697015.64051757,4322198.33798303
-3819617.36308221,2700243.03997277,4321341.11443125
-3811338.48989674,2708664.21195708,4323366.4437773
-3807987.26010422,2714031.57307407,4322956.14837848
-3807427.82503742,2716226.95852209,4322075.8863471
-3805721.83811906,2718118.74566253,4322386.97388432
-3801005.85106171,2722192.67513245,4323961.97460238
-3800293.17589435,2722531.66039023,4324372.18843334
-3799364.19289522,2722780.83812818,4325027.13832051
-3798616.66301575,2722702.46647271,4325728.30368531
-3797745.14481637,2722437.08762061,4326654.22202322
-3796811.55939089,2722453.68279509,4327457.64925699
-3795937.47137601,2723116.98606253,4327804.7696215
-3794948.90009309,2724637.22834038,4327715.51244718
-3789897.26683445,2735058.20356873,4325582.78676391
-3786201.24179764,2746597.71538207,4321533.09215427
-3783760.67007514,2760541.30070463,4314826.11659062
-3784417.89705684,2770759.83157375,4307741.90383144
-3782917.43676534,2785050.43568116,4299890.04582208
-3783317.1558641,2791829.86720187,4295171.16160558
-3786060.31448749,2806849.1558291,4283029.89115876
-3789361.28957835,2819468.05995911,4271882.89888945
-3791025.1686218,2822479.95957262,4268439.51195902
-3793535.40412904,2825052.41960552,4264532.03686945
-3797500.07525926,2826814.41456024,4259864.68254607
-3798935.14832315,2827731.72578483,4257988.53889638
-3800064.72812126,2828773.84163635,4256299.43853749
-3801185.17699404,2830111.38563063,4254422.02599213
-3804663.42714897,2835549.52863904,4247731.67883184
-3805338.74941806,2837204.76980743,4246032.58318592
-3805108.72983028,2839809.21004197,4244507.63532887
-3807156.01822668,2842633.93221919,4240804.28977117
-3807413.41716468,2844005.47736047,4239661.17667067
-3806394.19119307,2844844.83852204,4240010.86076645
-3804446.54177948,2845764.92504767,4241133.72977901
-3802481.92202357,2846443.75357525,4242431.12187303
-3801406.54652799,2846574.03247187,4243301.4745594
-3799822.81897317,2846424.31927442,4244809.97252534
-3797491.12116842,2847044.51263949,4246469.16168728
-3795196.66223885,2847935.50252495,4247912.97306583
-3782855.24632958,2854756.88598143,4254294.60595
-3769618.70406166,2865689.33479567,4258662.0173127
-3753567.23774659,2875387.17302225,4266245.26107802
-3747996.50205176,2880101.27783915,4267951.23677762
-3733350.07969055,2887437.2043612,4275771.5312259
-3727704.77801277,2889193.76357887,4279483.7375036
-3722111.75450301,2890522.73045111,4283426.13943216
-3716156.75608412,2896848.9288754,4284316.85056446
-3709691.09371928,2900313.31023422,4287553.30577855
-3704046.92613744,2901635.23187669,4291510.13399578
-3702796.96249144,2902387.73342632,4292076.09892591
-3701472.27756419,2903556.79598278,4292425.63453537
-3696106.83419415,2906758.34400141,4294865.06623647
-3690444.45217948,2911810.33961581,4296302.22599668
-3685968.01820435,2917642.5066879,4296189.13070703
-3682400.61874314,2923915.54652801,4294991.49916053
-3678334.5352551,2933460.70710981,4291986.21458124
-3675487.20672195,2948576.23113118,4284113.6035202
-3674613.60930784,2950810.29254309,4283330.01875103
-3674435.09472834,2952727.77656517,4282169.4290968
-3674012.33063353,2953633.54118656,4281909.26133961
-3673446.58409003,2954458.80610259,4281825.8714438
-3673023.54293239,2955330.18063297,4281589.03696318
-3672699.1322455,2956229.47948505,4281248.7769
-3671134.90726857,2963125.06550831,4277844.95115269
-3671041.0775833,2964987.326394,4276643.06908709
-3671666.66915308,2971477.5628886,4271632.2433331
-3671502.71290917,2973019.53678348,4270706.38467163
-3671118.46389518,2973899.97465494,4270425.58645324
-3670576.09079291,2974781.962082,4270278.49571431
-3669871.47052876,2975549.75293642,4270348.69863586
-3668980.41991262,2976131.72008456,4270706.38467163
-3668323.77941563,2976298.87133879,4271150.95099645
-3667314.33462784,2976412.85952787,4271933.02850879
-3666513.11642219,2976332.74432683,4272671.54983968
-3666512.1508666,2975865.46134851,4272995.66431702
-3668914.08924006,2973633.59449795,4272491.10635284
-3669221.72387202,2972959.09025501,4272694.94023456
-3668734.30730189,2972279.32568138,4273580.35589727
-3667705.99543147,2972740.7576403,4274138.25764594
-3665886.92233655,2974200.84374164,4274679.39880404
-3664131.27350453,2974943.22590776,4275661.32643938
-3663259.60219507,2975142.08266021,4276265.75455029
-3662489.5117713,2975138.2959621,4276923.53305327
-3659590.00564741,2973922.00276214,4280227.86308229
-3642543.21397748,2977816.01579399,4291966.24002436
-3639207.38130502,2980111.20503779,4293194.52950472
-3637954.41654467,2981563.43046058,4293247.78208213
-3635013.20648334,2986107.35266097,4292585.41435357
-3630752.53639752,2990233.00603715,4293314.34698964
-3629533.2623095,2991885.93638288,4293194.52950472
-3628143.0383299,2995329.8775425,4291976.22727156
-3627535.83431728,2999145.85868584,4289838.51045517
-3627556.89976489,3003016.69664204,4287130.1323476
-3628822.2261228,3009984.38289965,4281208.74486323
-3629989.72630899,3013251.13670985,4277941.75735367
-3631645.83520332,3016272.91242969,4274428.87745659
-3633881.01556337,3018888.22279391,4270706.38467163
-3637022.58587375,3020398.15766285,4266987.93050476
-3640069.94741427,3019724.19212941,4264880.08082822
-3647860.93448183,3015191.27174143,4261452.18182112
-3650665.22772006,3014045.86729496,4259871.38184425
-3658077.31254049,3012240.27247999,4254821.03198788
-3659410.64686208,3011350.11539864,4254308.01869605
-3660491.6408697,3009764.02925736,4254499.14712149
-3661933.59709672,3006863.33520403,4255303.82250584
-3665032.57907803,3002563.89985082,4255669.23872455
-3665797.66459705,3001146.44836507,4256007.81289308
-3666440.71129229,2999499.01936649,4256611.1585043
-3671388.51687009,2997128.20112962,4254033.0498545
-3673806.12028147,2997423.93716662,4251752.2695501
-3679240.11740944,2996751.398869,4247553.73578315
-3680823.8591394,2996267.70471495,4246529.60819389
-3683950.54372753,2994743.62073632,4244904.02949516
-3685547.44754204,2994259.90317718,4243865.95156055
-3692745.37647231,2993070.38281902,4238480.82324118
-3694349.00117592,2992457.85846051,4237522.22445966
-3695845.97913838,2991601.90979125,4236825.87115366
-3697290.06778563,2990407.27229748,4236412.05294511
-3698734.25639925,2988812.86730076,4236277.47102831
-3700227.53123544,2987492.34510927,4235907.35319269
-3702088.96342586,2986468.4618374,4235008.86980419
-3709125.89224694,2984048.49955523,4230584.91997128
-3711107.17243445,2983810.84886198,4229025.22972674
-3711078.72086089,2984855.57983013,4228317.66143701
-3708956.46265672,2988097.16172387,4227893.07557669
-3708180.65957322,2989817.94600925,4227360.61106959
-3707778.74834805,2991371.37982847,4226619.11681584
-3707284.04772961,2997462.83215022,4222761.69772903
-3706023.5808018,3000397.82724303,4221790.16357714
-3703027.95808634,3002938.83216878,4222606.53387303
-3696452.83847827,3006782.16645441,4225611.19470792
-3693098.05797374,3009443.78871549,4226642.71141319
-3690544.08105238,3012608.56477696,4226619.11681584
-3689342.17316883,3016468.06306676,4224926.77869517
-3688438.95541097,3018090.40450039,4224559.24838869
-3687124.21472089,3018028.98363854,4225742.67352217
-3686735.09137268,3016836.08878829,4226925.83825262
-3687032.85101314,3015392.61932023,4227690.8800884
-3687021.06835279,3014203.32328799,4228543.41957249
-3685681.21255469,3013771.78589417,4230008.93169594
-3683973.53351013,3014331.71238285,4231090.12183366
-3682386.83101948,3015627.71307169,4231544.76283745
-3681260.03262796,3017326.44927103,4231315.76330566
-3680959.5535847,3019099.80803686,4230318.82775761
-3681436.98660505,3020593.62115115,4228846.66179292
-3683049.65102585,3023597.74164501,4225317.88422386
-3683497.43977422,3025200.42374059,4223790.38839703
-3681706.11171358,3030135.73165197,4221827.27398955
-3681598.83548123,3031117.68574038,4221219.98036057
-3681371.97868272,3032159.36179633,4220673.35761449
-3679198.97795513,3036127.70597519,4219721.69702402
-3678638.84734587,3037519.16094116,4219212.05086037
-3679669.27730562,3040488.961364,4216193.69015124
-3684800.0082404,3043654.14206005,4209468.91834457
-3686091.90376816,3045892.85287301,4206736.07764123
-3685415.15420377,3048770.64425232,4205254.08731772
-3680437.07493831,3058307.44607863,4202705.33912927
-3680174.46265354,3059733.17259571,4201902.89683361
-3680072.90051337,3061638.28970885,4200612.6472876
-3680340.65059128,3063533.21162423,4199007.02932266
-3681173.18708791,3064916.69371588,4197278.93875095
-3681518.77722585,3066346.75526364,4195940.14047079
-3680086.48638267,3067757.52664765,4196163.86120877
-3676567.9080402,3070005.73378393,4197594.10180274
-3676024.15468499,3070712.76627111,4197553.43663614
-3675424.6270022,3072073.67767297,4197085.76528594
-3674998.46488916,3072737.2610005,4196973.9248559
-3674171.08846558,3073349.14211404,4197248.43812654
-3671990.32634891,3074291.8230163,4198458.16560403
-3671219.4369558,3074835.11267631,4198732.60431015
-3670029.86182903,3075346.89063321,4199393.23372132
-3668426.65410832,3075103.3991681,4200961.48500398
-3665329.39990437,3074049.79109426,4204411.40608681
-3660450.8143301,3073263.01427987,4209201.78291212
-3659046.87789092,3072500.76158971,4210966.66229107
-3658071.68405631,3071203.52271239,4212747.86454023
-3657321.17081037,3068483.91728553,4215362.83882707
-3654659.39407651,3064499.8213641,4220531.63159601
-3653832.83004381,3058207.22268866,4225773.01433683
-3652164.36072681,3055523.04431244,4229133.0415327
-3652151.46352593,3055036.09892349,4229493.52133089
-3653419.86856428,3053716.4378867,4229352.02750161
-3653799.82333311,3053134.95716225,4229442.98820152
-3653740.05705936,3052106.88354873,4230231.25029628
-3653377.75320857,3051478.28282095,4230992.45317833
-3652196.58933828,3050315.59467561,4232837.75299886
-3651817.40797545,3050078.14831451,4233332.64322306
-3650997.79948974,3050071.50387582,4234039.54980969
-3650636.18391082,3049822.23159768,4234527.59745259
-3650568.6163504,3049343.2196743,4234928.09980712
-3650701.97368935,3048680.00907256,4235288.18977411
-3650986.41738904,3047826.2470488,4235654.98552101
-3650429.51617674,3047132.60325617,4236627.37700916
-3649550.5870226,3046310.97843259,4237966.22846882
-3649394.99883831,3045776.56344321,4238480.82324118
-3648144.8589324,3045436.54210965,4239792.31091542
-3646763.26231199,3044880.91818681,4241369.03166665
-3645626.80211687,3044063.84758094,4242921.76296736
-3645113.78702093,3042923.80290661,4244171.68485714
-3641725.5693243,3043678.16045881,4246522.89188517
-3635097.4107915,3043614.83315733,4252205.14979375
-3631864.26494932,3044516.01422346,4254308.01869605
-3624637.67424386,3049256.13050147,4257056.91946401
-3622664.68051714,3049556.35284095,4258511.24609813
-3622360.36390433,3049423.25443695,4258863.03902491
-3621815.95258135,3049518.75649655,4259255.00916612
-3619104.88311564,3049336.20461189,4261673.1880516
-3618330.20765595,3049685.43391761,4262078.34203321
-3616189.3819619,3051220.86836771,4262791.47105487
-3612228.40501027,3052747.94102632,4265040.70871158
-3611027.79330395,3052911.61912343,4265934.11159228
-3609112.91459585,3052356.48024397,4267937.85877081
-3606306.48679033,3051063.82091811,4271211.11497216
-3605444.92817443,3049825.33039958,4272811.89055558
-3604927.94905369,3048079.43726352,4274482.32304423
-3604217.34596952,3042977.67515263,4278686.10350835
-3603528.09480619,3041256.26466596,4280478.10562323
-3601608.35750909,3038252.37071139,4284200.29066986
-3599019.36728604,3036103.34364704,4287873.16195838
-3593857.61386711,3033523.00968524,4293983.2766673
-3592230.62827749,3031005.26528381,4297100.47473455
-3591905.70882993,3027134.50051564,4300079.50883684
-3593236.14987732,3023937.67217473,4301209.49388583
-3598086.63545537,3017654.42155054,4301565.05533239
-3599086.14300164,3015942.23220924,4301927.23743128
-3599459.9670965,3014541.4951428,4302591.72528827
-3599356.00823676,3010012.36061209,4305826.54983021
-3599558.76506711,3009148.18030572,4306258.14804907
-3599927.31489039,3008353.25510381,4306503.81077271
-3600512.10057686,3007548.05762103,4306576.84332995
-3600707.58401916,3006825.81559151,4306915.43525296
-3600577.40053122,3005823.14040834,4307718.67166036
-3599661.95777949,3002344.33538474,4310887.23559932
-3599541.23498156,3000796.16393919,4312057.94508089
-3600195.86071009,2999530.85848677,4312389.5419144
-3602126.41482183,2998739.12858808,4311334.98909194
-3604970.65353952,2998671.77190133,4309019.5139021
-3606448.10710561,2998306.41021606,4308043.91325877
-3607748.63476259,2997178.44850709,4307741.90383144
-3608162.3990931,2995210.19929543,4308757.38096495
-3607148.05973837,2993658.61797583,4310671.63654064
-3605922.23539515,2992442.34705596,4312528.80621445
-3605708.85591163,2991486.99843244,4313364.31173893
-3606205.75610225,2989954.02802312,4314007.42498979
-3605874.26106728,2988123.88601859,4315541.94939095
-3604805.08392457,2984578.91191499,4318864.61194823
-3604777.61426295,2982865.11483814,4320063.28427413
-3605381.53982912,2976150.90618958,4324160.4693785
-3606325.46222341,2972488.67484423,4325880.43051243
-3606309.1117129,2970574.61370545,4327199.77297143
-3605496.10737562,2969277.49161848,4328756.74859706
-3604114.8410696,2969222.58716639,4329936.556502
-3602421.65335939,2969399.88301261,4331215.19585163
-3600693.52858978,2968774.29595363,4333068.15086339
-3599497.78312577,2968535.64206087,4334217.23459566
-3594001.42911246,2969075.1031409,4338378.81072436
-3590750.31179831,2969883.3609376,4340502.82001854
-3587432.45990784,2971165.9472444,4342355.64476248
-3584277.66553833,2971704.42711912,4344576.81033067
-3581471.28963401,2970296.24934374,4347830.97674084
-3578697.43673137,2964754.24845851,4353852.81808223
-3581280.86446851,2961691.47952782,4353813.35437865
-3582322.54332799,2959983.43410957,4354115.90160795
-3582689.53650226,2958292.06574076,4354957.67492554
-3582426.65611346,2957518.80078794,4355694.1094895
-3581957.41947325,2956814.88966715,4356552.04918879
-3581601.21655124,2956110.30572623,4357317.82387069
-3581699.59433338,2955327.76965117,4357764.74492315
-3582484.93622609,2954522.10473392,4357666.16287217
-3583555.0821265,2954087.92474009,4357084.48878868
-3584581.94990085,2953822.93330306,4356423.86074503
-3585209.84632163,2953519.62641133,4356114.88006674
-3586402.09298039,2952706.53693955,4355687.5346014
-3593568.40448083,2949591.37572875,4351915.43673445
-3595216.15047662,2949064.03860352,4350918.49279964
-3598439.75878294,2948563.2206048,4348607.97344039
-3600195.35757917,2947857.12123632,4347640.00136121
-3605374.1713882,2944517.82775892,4345624.43569512
-3606347.77580765,2944279.91527889,4344982.05001555
-3607998.96479534,2944048.34146982,4343776.11813231
-3608807.0140217,2943674.66313287,4343360.89389477
-3609693.36951125,2942954.96110382,4343113.72020303
-3614271.03944191,2935918.0139941,4344062.80043957
-3616796.70551977,2930048.15166633,4345911.01186179
-3617852.09486609,2928503.79527637,4346072.40957579
-3618725.79605655,2928054.16376618,4345650.78822785
-3618994.42264227,2929326.36534758,4344576.81033067
-3619626.76175147,2930655.20386884,4343163.15595201
-3621593.48887723,2930408.57446782,4341699.65184388
-3622293.23228008,2929868.18990347,4341482.06734614
-3624402.91242919,2927676.38271037,4341201.83094316
-3627246.34825658,2925684.85782703,4340176.36168268
-3628729.02056318,2924303.96833115,4339869.66925704
-3630356.60136447,2923421.92104048,4339107.80362971
-3631127.74246774,2922725.33610336,4338932.98690557
-3632014.76295336,2921544.07221302,4338985.76242381
-3632582.37435617,2920581.76085808,4339157.2788969
-3633299.05771181,2918372.19390115,4340037.85771318
-3634650.87519968,2911491.42413573,4343502.60132961
-3634869.69566911,2904706.30233842,4347830.97674084
-3634492.02154762,2901639.47227449,4350178.05859423
-3633531.23691994,2898186.17412018,4353260.82933636
-3631763.71249156,2895038.09002457,4356805.12946228
-3628994.49610638,2892872.77540073,4360524.24544886
-3626754.89954919,2892401.95123357,4362684.77841931
-3620181.94062024,2892968.98622266,4367731.08929592
-3618046.92874969,2892399.80384944,4369862.24105555
-3616996.31616444,2891290.45207202,4371455.08300437
-3616577.08830751,2889709.5142015,4372837.74870939
-3616316.2450192,2887759.45469396,4374331.37575673
-3613033.79491779,2887063.34170746,4377480.9110267
-3612039.50077728,2887168.40132576,4378227.07331672
-3611061.20244897,2886083.82861877,4379738.68431809
-3607272.99311878,2885433.11505307,4383263.95644911
-3605586.60084751,2884756.07434348,4385084.45693367
-3604777.97265314,2883470.94940001,4386584.14197497
-3604053.34425935,2881389.02425334,4388534.02058627
-3603270.04362764,2877995.39780178,4391383.94062798
-3603389.77929892,2876330.98745956,4392369.43355355
-3603868.69410436,2874375.91054511,4393250.33359752
-3604557.03717694,2872538.36232235,4393883.17758711
-3606398.37395783,2869627.98313937,4394271.32448522
-3607056.17295519,2868152.20403569,4394692.05348968
-3607444.71911132,2866596.57332764,4395383.4046192
-3608208.53120553,2861397.16391039,4398125.00699195
-3608105.44384999,2858136.3058965,4400314.5615136
-3607222.64746168,2854886.30317308,4403128.24104656
-3605360.64056097,2851539.21464196,4406795.92579198
-3603268.9101379,2849044.66477278,4410096.72162799
-3600901.08050267,2846864.92774325,4413414.73434547
-3587399.3796795,2837689.53366464,4430174.15493154
-3585727.60236772,2835324.03483904,4433022.02876106
-3582956.14721248,2824854.36940555,4441878.25758884
-3574574.12940239,2813745.11474718,4455569.17492708
-3572040.62464289,2811315.36706181,4459109.48835346
-3563829.4910986,2806123.73857686,4468873.14523081
-3554978.60159082,2802157.86264167,4478337.41786988
-3549132.10330326,2800738.34118337,4483822.29152077
-3529606.42859832,2798892.30035593,4500246.89941922
-3526418.08661949,2797522.68866263,4503574.37763118
-3524111.88171739,2794804.3163109,4507042.661236
-3523966.24872461,2794093.68346407,4507593.39096973
-3523857.43813722,2791986.36260375,4508974.69292085
-3523659.13969739,2791030.96522234,4509716.09192653
-3523231.47425133,2790219.90536213,4510546.44044133
-3522744.83705032,2789622.83612548,4511290.76001733
-3522339.44811979,2789000.63585502,4511987.25465366
-3521735.60036922,2786374.6624088,4514066.55208457
-3520768.84661243,2785512.20084776,4515344.17233315
-3518265.8662759,2784645.24220806,4517812.56616967
-3517211.58141393,2784005.80434137,4519019.26246046
-3516290.83180603,2783041.42222473,4520320.85762757
-3515707.90636262,2781727.38314517,4521574.47333897
-3515747.56248002,2779989.07606483,4522605.66426225
-3516687.42523706,2779579.67682377,4522129.75970463
-3517500.97882861,2779589.61424334,4521495.14101785
-3518293.55384145,2779948.04657328,4520663.65346807
-3519138.6289662,2780567.06118153,4519632.01197753
-3520020.91812386,2780728.23746878,4518850.97973586
-3520629.8650462,2779983.20106928,4518835.10363759
-3521336.65689902,2778219.71271703,4519365.33348985
-3523334.27964681,2775170.63921798,4519679.63149924
-3525113.69015907,2771675.14315534,4520431.95179961
-3525667.08423156,2768692.18639525,4521818.80789446
-3526022.75906413,2767894.7951948,4522028.22683299
-3526034.9474736,2767216.41051881,4522431.17183385
-3525377.36930293,2766514.25138631,4523367.00545373
-3524525.24752083,2765845.55501506,4524432.66379668
-3523961.79588451,2765257.81630773,4525225.39829183
-3523665.80676677,2763513.67138924,4526512.49713685
-3523943.16023541,2761193.74057492,4527704.15672352
-3524889.72038593,2759399.06031517,4528059.05718872
-3526269.53580225,2758944.74452827,4527266.82957695
-3528931.84883309,2759331.20099868,4524971.73869548
-3530181.01205692,2759314.27619113,4524014.0428048
-3531181.76646268,2758682.81505678,4523620.75681544
-3532432.33518487,2758076.56571734,4523018.07356918
-3537655.12803841,2758290.47234775,4518831.92842675
-3541430.81592662,2757273.39176428,4516510.23772404
-3548485.88782292,2754163.00504752,4512893.4893518
-3551962.53266374,2753079.94035875,4510832.73187639
-3584780.54337381,2746792.59589047,4488798.75290392
-3595520.19972202,2747564.23723159,4479788.5241256
-3597563.89079911,2747491.3900269,4478202.85484518
-3600306.70004117,2746106.32016109,4476857.00745423
-3606389.22528009,2745935.98772728,4472095.30459739
-3625546.10577135,2741234.88103382,4459556.66291677
-3627882.31000408,2739787.47822368,4458552.87264187
-3632878.27592716,2739414.05848364,4454738.41949011
-3637773.7532536,2737007.49188497,4452238.8182275
-3645002.52616718,2734913.43962442,4447641.9784837
-3652198.97939012,2731752.75556658,4443705.60280815
-3653471.8878731,2730674.20522953,4443324.69560196
-3654608.49984168,2729946.38739538,4442840.44691954
-3658292.9611223,2728936.11916347,4440444.29365635
-3659880.13613423,2728300.05659477,4439533.30506752
-3662444.26377535,2725916.67351691,4438887.106725
-3663324.91461833,2725448.39675533,4438450.87258933
-3665987.26191583,2725730.7982769,4436094.50831473
-3666337.8166117,2725926.7524294,4435687.11580545
-3669091.80022599,2725256.3151321,4433834.00507342
-3669852.20008858,2724947.68668526,4433397.30209212
-3680890.73385824,2718507.85629715,4428231.43760716
-3695453.35561944,2706979.2122466,4423196.08934276
-3695885.53223843,2707295.78859355,4422644.92223698
-3691573.06027532,2712193.96000338,4423241.47677008
-3691335.16403694,2713496.83270315,4422644.92223698
-3691955.98781224,2713492.80855543,4422132.60356272
-3694216.1561957,2712778.74207044,4420692.62746037
-3694888.20424816,2712714.90530572,4420173.61014836
-3697898.45266077,2713567.19257349,4417152.45444572
-3698098.48258918,2712703.97924072,4417512.75740449
-3698104.53128532,2712312.56804938,4417746.45279668
-3699467.97145506,2711858.23538261,4416889.51352605
-3700465.96991348,2711337.57188911,4416376.574554
-3701298.07376434,2710606.29742678,4416129.82476524
-3708322.81428227,2701212.3878683,4415993.45759382
-3708860.297195,2700805.7452682,4415792.14653751
-3708716.29284916,2697896.64946811,4417678.29282851
-3708905.96782517,2696335.25635376,4418466.94150874
-3709404.30736402,2695119.43186447,4418788.20543376
-3715354.95495229,2687560.23381459,4418395.54661595
-3717678.4147831,2685904.34263886,4417454.33174475
-3719256.06733726,2685203.42103521,4416558.38202282
-3719455.08792638,2685363.1818592,4416295.40832048
-3718982.44120173,2686291.78097513,4416129.82476524
-3718603.14225807,2687826.64805865,4415519.38889767
-3718770.95659077,2689291.10884912,4414493.16097549
-3720810.8534966,2692875.61824976,4410613.58608644
-3723035.39343191,2691231.57700728,4409745.61208805
-3723769.15993711,2690328.86153207,4409677.33780888
-3724087.50846612,2689158.32600134,4410119.47786195
-3723967.37796596,2688025.56370508,4410906.12607903
-3723547.27023513,2686620.40830423,4412108.60268596
-3722902.39132679,2685278.78147766,4413460.21512875
-3722113.65322688,2684356.25687846,4414678.28803014
-3720945.75149022,2682140.41954804,4416993.39314145
-3721762.92720418,2679983.1839047,4417610.13188482
-3723437.217372,2679165.56304553,4416701.22590577
-3724865.57612104,2680940.16661491,4414434.69829986
-3727331.81330387,2681485.80773347,4412037.11247863
-3728591.27739322,2681403.47490226,4411029.63760947
-3729637.59653411,2680637.21927854,4410613.58608644
-3730504.32624654,2680416.50012249,4410018.69954708
-3733333.52053069,2680833.56422349,4407387.95994148
-3734227.98981966,2680567.58191144,4406795.92579198
-3734858.51020004,2680152.14816421,4406516.14796149
-3738352.48002542,2678430.51583554,4404612.57510259
-3739450.07032259,2677641.80978426,4404163.41714475
-3741609.18843979,2675724.44641952,4403499.36756371
-3749248.01479832,2667375.68211674,4402076.5603304
-3757793.64415673,2656681.42529695,4401262.40812289
-3759548.85769519,2653239.8893063,4401835.5856845
-3760257.89867209,2649502.0167912,4403470.06913936
-3759827.41111066,2637787.0616311,4410815.11553794
-3759116.62700613,2628518.08530896,4416908.99108158
-3758888.82330992,2627261.9374927,4417843.82249887
-3760079.05189547,2621183.58752347,4420423.3942886
-3759955.93057204,2616481.83015596,4423293.34748157
-3760472.51619049,2615065.9065374,4423688.84343863
-3760580.04142796,2613508.5879392,4424512.14726578
-3758590.99444743,2607402.59652611,4429766.25054915
-3758657.88124026,2603615.54434561,4431921.91761747
-3758453.3256679,2601530.9626833,4433309.9567197
-3757569.34764648,2600082.3975232,4434898.09672289
-3757420.53084425,2599553.26699119,4435331.42687277
-3757563.28213744,2598752.48149396,4435677.41557855
-3758030.39844334,2598160.30606774,4435628.91398525
-3759639.72897182,2598499.55145139,4434076.60024942
-3761920.35315592,2598354.92287792,4432239.03479023
-3762866.82502961,2598440.29928804,4431391.18403422
-3765585.11251604,2600435.89270033,4427933.48373949
-3766956.33121739,2603516.93757135,4424975.59793229
-3767895.45253236,2609935.19743144,4420423.3942886
-3768683.44305339,2611590.13716124,4418784.96046089
-3771331.78652798,2614392.80814287,4414892.63670389
-3771930.89432498,2615664.88275154,4413635.63673292
-3773111.42791437,2625350.14536888,4406916.29031308
-3773999.09432922,2628442.74789914,4404329.41518155
-3775260.61933896,2631471.98340329,4401457.81719536
-3776810.24699124,2634138.60417037,4398551.91786818
-3778419.52851736,2634295.86755433,4397085.2721679
-3779433.75028633,2635601.33313399,4395442.09969888
-3780116.49488824,2637194.8165316,4393909.27248311
-3781083.10786613,2638779.49263831,4392137.76287449
-3781341.91885385,2640381.99894919,4390959.66002721
-3781912.55101191,2641100.09385038,4390042.43434999
-3782773.11904985,2641621.14082548,4388994.43030868
-3783377.89157513,2641803.6492096,4388367.47857756
-3789493.13191775,2642016.33042416,4382995.88986541
-3791106.58448791,2641749.09399683,4381769.78777539
-3797292.35687499,2639694.65372669,4377677.28062484
-3798745.3182261,2639456.42457266,4376567.68905176
-3800334.47596916,2639480.24349651,4375182.8014101
-3801942.39831859,2639836.6023444,4373581.34361033
-3803436.39491233,2640601.72480445,4371831.91442737
-3804095.53705393,2640739.05765204,4371179.81391647
-3805362.92288024,2640185.39841801,4370416.18916761
-3806622.1848703,2640538.50643296,4369114.80379482
-3808735.66079482,2640794.80819163,4367130.92144997
-3815248.38966862,2642711.43940829,4360327.18927526
-3818633.39885565,2642993.94780999,4357212.66013679
-3822338.48979364,2642203.26197896,4354461.17750165
-3826259.24995068,2640193.71632987,4352250.99665075
-3825033.54774928,2642492.8671053,4351935.17620897
-3819654.95707482,2644936.91359721,4355151.65711486
-3817988.24017952,2646656.07979006,4355565.89885088
-3818037.90803371,2647629.99787312,4354934.65964348
-3818655.24080692,2648274.95993477,4354007.38132047
-3819591.05016934,2648313.38182199,4353168.73583639
-3820603.58161506,2647456.85872835,4352803.63407211
-3821610.46139798,2646395.41216112,4352566.79701547
-3822793.63308186,2645536.09481712,4352053.61116669
-3823492.61427121,2645457.64644399,4351491.0196715
-3822993.54548108,2646750.67818322,4351145.53727714
-3824763.86269137,2646256.88677462,4349898.31029158
-3826802.03516554,2644758.58329579,4349022.76103756
-3828706.86282673,2642862.07042293,4348502.6250803
-3832991.81737669,2637452.5518099,4348015.35975185
-3834602.45951147,2636242.18221099,4347333.76690771
-3836736.73678766,2635230.43999173,4346072.40957579
-3836195.51276858,2634377.58068126,4347060.44499059
-3835318.91118065,2634625.43413104,4347679.51408981
-3834254.42717487,2635080.71962144,4348338.01378043
-3833184.55986252,2634810.40746865,4349437.51407516
-3833047.20534252,2634074.7190166,4350000.33794274
-3833266.74816244,2630507.95334333,4351951.62564379
-3833023.5005261,2626266.9708235,4354707.78835833
-3833156.18063759,2625118.0111478,4355279.87846664
-3834022.53182413,2623160.19886535,4355694.1094895
-3834286.95766484,2622070.05094062,4356114.88006674
-3834169.82225788,2621350.58765619,4356647.36665271
-3833877.7575796,2620815.30955488,4357222.519309
-3833694.00259629,2620154.41795018,4357777.88909674
-3833881.32115508,2619060.29203796,4358267.48290118
-3834400.01116869,2618009.01481972,4358441.62209342
-3836691.422045,2614942.01274868,4358267.48290118
-3836939.08635423,2614280.83072822,4358444.90767051
-3836905.95967606,2613005.63588568,4359233.38509291
-3837030.5427522,2612508.15969304,4359420.63001639
-3837400.12015203,2612097.7394949,4359341.79087449
-3837746.79866917,2611903.00637122,4359154.54296588
-3838038.10226249,2611806.14622415,4358957.43227072
